"","Actual","Pred","Pred.lower","Pred.upper","Pred.sd","AbsEffect","AbsEffect.lower","AbsEffect.upper","AbsEffect.sd","RelEffect","RelEffect.lower","RelEffect.upper","RelEffect.sd","alpha","p","CTNAME"
"Average",329.816326530612,1333.44530977485,873.038521562377,1766.62239883144,216.62478299744,-1003.62898324423,-1436.80607230083,-543.222195031764,216.62478299744,-0.752658527415495,-1.07751406208286,-0.407382433347407,0.162454943903187,0.05,0.000889679715302491,40010
"Cumulative",16161,65338.8201789675,42778.8875565565,86564.4975427407,10614.6143668746,-49177.8201789675,-70403.4975427407,-26617.8875565565,10614.6143668746,-0.752658527415495,-1.07751406208286,-0.407382433347407,0.162454943903187,0.05,0.000889679715302491,40010
"Average1",859.795918367347,2764.87128221288,2227.76166382258,3287.1297410869,270.916518653486,-1905.07536384553,-2427.33382271956,-1367.96574545523,270.916518653486,-0.689028590987713,-0.877919286273908,-0.494766521051342,0.097985219202196,0.05,0.00112359550561798,40020
"Cumulative1",42130,135478.692828431,109160.321527306,161069.357313258,13274.9094140208,-93348.6928284311,-118939.357313258,-67030.3215273062,13274.9094140208,-0.689028590987713,-0.877919286273908,-0.494766521051342,0.097985219202196,0.05,0.00112359550561798,40020
"Average2",527.408163265306,1049.47052334561,796.302906096278,1297.03096968804,123.454234076199,-522.062360080308,-769.622806422731,-268.894742830972,123.454234076199,-0.497453095124599,-0.733343899902253,-0.256219433370802,0.117634779948501,0.05,0.000798084596967279,40030
"Cumulative2",25843,51424.0556439351,39018.8423987176,63554.5175147139,6049.25746973376,-25581.0556439351,-37711.5175147138,-13175.8423987176,6049.25746973376,-0.497453095124599,-0.733343899902253,-0.256219433370802,0.117634779948501,0.05,0.000798084596967279,40030
"Average3",516.836734693878,5729.95768021324,3997.54820896677,7316.61162808014,819.732665290693,-5213.12094551936,-6799.77489338627,-3480.7114742729,819.732665290693,-0.909800950803071,-1.18670595367001,-0.60745849594885,0.143060858568189,0.05,0.000862068965517241,40040
"Cumulative3",25325,280767.926330449,195879.862239372,358513.969775927,40166.9005992439,-255442.926330449,-333188.969775927,-170554.862239372,40166.9005992439,-0.909800950803071,-1.18670595367001,-0.60745849594885,0.143060858568189,0.05,0.000862068965517241,40040
"Average4",923.816326530612,2719.84335810942,1991.45014597081,3389.70766004222,350.746540606239,-1796.02703157881,-2465.89133351161,-1067.6338194402,350.746540606239,-0.6603420841218,-0.906629907990608,-0.392535039290761,0.12895836062046,0.05,0.000825763831544178,40050
"Cumulative4",45267,133272.324547362,97581.0571525696,166095.675342069,17186.5804897057,-88005.3245473617,-120828.675342069,-52314.0571525697,17186.5804897057,-0.6603420841218,-0.906629907990607,-0.392535039290761,0.12895836062046,0.05,0.000825763831544178,40050
"Average5",860.795918367347,3745.03016913225,2317.50895227596,5126.29293016237,690.503576536136,-2884.23425076491,-4265.49701179502,-1456.71303390862,690.503576536136,-0.770149804008976,-1.13897534042653,-0.388972309466373,0.184378641920561,0.05,0.000879507475813544,40060
"Cumulative5",42179,183506.47828748,113557.938661522,251188.353577956,33834.6752502707,-141327.47828748,-209009.353577956,-71378.9386615222,33834.6752502707,-0.770149804008976,-1.13897534042653,-0.388972309466373,0.184378641920562,0.05,0.000879507475813544,40060
"Average6",781.836734693878,5228.40860855094,2348.3511866386,8129.89090028579,1548.34957818988,-4446.57187385706,-7348.05416559192,-1566.51445194472,1548.34957818988,-0.850463727449457,-1.40540931586226,-0.299615919341637,0.296141654968892,0.05,0.00540540540540541,40070
"Cumulative6",38310,256192.021818996,115069.208145291,398364.654114004,75869.1293313039,-217882.021818996,-360054.654114004,-76759.2081452913,75869.1293313039,-0.850463727449457,-1.40540931586226,-0.299615919341637,0.296141654968892,0.05,0.00540540540540541,40070
"Average7",1128,3593.50201052097,2658.92295565794,4821.94586976779,581.925896363231,-2465.50201052097,-3693.94586976779,-1530.92295565794,581.925896363231,-0.686100078225233,-1.02795152443292,-0.426025351085303,0.161938380626888,0.05,0.032258064516129,40080
"Cumulative7",55272,176081.598515528,130287.224827239,236275.347618622,28514.3689217983,-120809.598515528,-181003.347618622,-75015.2248272391,28514.3689217983,-0.686100078225233,-1.02795152443292,-0.426025351085303,0.161938380626888,0.05,0.032258064516129,40080
"Average8",269.551020408163,2004.41050705667,1103.15597927891,3000.67705075785,486.298097929739,-1734.85948664851,-2731.12603034969,-833.60495887075,486.298097929739,-0.865521049974948,-1.36255822883315,-0.415885346806945,0.242614023533448,0.05,0.0222222222222222,40090
"Cumulative8",13208,98216.114845777,54054.6429846667,147033.175487135,23828.6067985572,-85008.114845777,-133825.175487135,-40846.6429846667,23828.6067985572,-0.865521049974948,-1.36255822883315,-0.415885346806945,0.242614023533448,0.05,0.0222222222222222,40090
"Average9",1476.57142857143,3586.15185746851,3208.98898328586,4289.58547310821,323.744739039963,-2109.58042889708,-2813.01404453679,-1732.41755471443,323.744739039963,-0.588257417070523,-0.784410185719941,-0.483085386110046,0.0902763608199504,0.05,0.0222222222222222,40100
"Cumulative9",72352,175721.441015957,157240.460181007,210189.688182303,15863.4922129582,-103369.441015957,-137837.688182303,-84888.4601810072,15863.4922129582,-0.588257417070523,-0.784410185719941,-0.483085386110045,0.0902763608199504,0.05,0.0222222222222222,40100
"Average10",420.612244897959,2319.75814117295,1608.35354273958,3000.25642340028,350.221075635771,-1899.14589627499,-2579.64417850232,-1187.74129784162,350.221075635771,-0.818682716343316,-1.11203152290607,-0.512010832836675,0.150973099057079,0.05,0.00114025085518814,40120
"Cumulative10",20610,113668.148917475,78809.3235942394,147012.564746614,17160.8327061528,-93058.1489174747,-126402.564746614,-58199.3235942394,17160.8327061528,-0.818682716343316,-1.11203152290607,-0.512010832836675,0.150973099057079,0.05,0.00114025085518814,40120
"Average11",272.326530612245,713.327893555563,505.062946558054,913.869136097479,102.612912394983,-441.001362943319,-641.542605485235,-232.736415945809,102.612912394983,-0.618230924274052,-0.899365651169875,-0.326268491739109,0.143850974176142,0.05,0.000774593338497289,40130
"Cumulative11",13344,34953.0667842226,24748.0843813446,44779.5876687765,5028.03270735419,-21609.0667842226,-31435.5876687765,-11404.0843813447,5028.03270735419,-0.618230924274052,-0.899365651169875,-0.326268491739109,0.143850974176142,0.05,0.000774593338497289,40130
"Average12",265.326530612245,1237.41772360255,-56.4493022034675,2495.96394023818,631.289844901215,-972.091192990309,-2230.63740962594,321.775832815712,631.289844901215,-0.785580466845273,-1.80265513179476,0.260038163894171,0.510167126961226,0.05,0.0604026845637584,40140
"Cumulative12",13001,60633.4684565251,-2766.01580796991,122302.233071671,30933.2024001596,-47632.4684565251,-109301.233071671,15767.0158079699,30933.2024001596,-0.785580466845273,-1.80265513179476,0.260038163894171,0.510167126961226,0.05,0.0604026845637584,40140
"Average13",353.081632653061,819.519384173745,639.095143762634,991.942631344576,86.794257735215,-466.437751520684,-638.860998691515,-286.013511109573,86.794257735215,-0.569160120588185,-0.779555689626093,-0.349001520443518,0.105908730667454,0.05,0.000868055555555556,40150
"Cumulative13",17301,40156.4498245135,31315.6620443691,48605.1889358842,4252.91862902553,-22855.4498245135,-31304.1889358842,-14014.6620443691,4252.91862902553,-0.569160120588185,-0.779555689626092,-0.349001520443518,0.105908730667454,0.05,0.000868055555555556,40150
"Average14",270.979591836735,2198.09299102519,1512.30602477072,2806.43934391654,324.472825272089,-1927.11339918846,-2535.4597520798,-1241.32643293398,324.472825272089,-0.876720596925088,-1.15348156899279,-0.564728807198929,0.147615604342905,0.05,0.000879507475813544,40160
"Cumulative14",13278,107706.556560235,74102.9952137652,137515.52785191,15899.1684383323,-94428.5565602345,-124237.52785191,-60824.9952137652,15899.1684383323,-0.876720596925088,-1.15348156899279,-0.564728807198929,0.147615604342905,0.05,0.000879507475813544,40160
"Average15",451.408163265306,1965.09803766037,1161.50698788697,2746.81930546022,389.578504741877,-1513.68987439507,-2295.41114219492,-710.09882462166,389.578504741877,-0.770287204702139,-1.16808988569741,-0.361355418922049,0.198248890017572,0.05,0.000870322019147084,40170
"Cumulative15",22119,96289.8038453582,56913.8424064614,134594.145967551,19089.346732352,-74170.8038453582,-112475.145967551,-34794.8424064614,19089.346732352,-0.770287204702139,-1.16808988569741,-0.361355418922049,0.198248890017572,0.05,0.000870322019147084,40170
"Average16",189.204081632653,1323.35684214671,870.71533634319,1764.80568464616,223.34104579819,-1134.15276051405,-1575.6016030135,-681.511254710537,223.34104579819,-0.857027163341875,-1.19060978326724,-0.5149867616999,0.168768572984362,0.05,0.000772797527047913,40180
"Cumulative16",9271,64844.4852651886,42665.0514808163,86475.4785476616,10943.7112441113,-55573.4852651886,-77204.4785476616,-33394.0514808163,10943.7112441113,-0.857027163341875,-1.19060978326724,-0.5149867616999,0.168768572984362,0.05,0.000772797527047913,40180
"Average17",713.428571428571,3273.73455803447,-2853.62476011224,9526.63367386534,3144.45988340635,-2560.3059866059,-8813.20510243676,3567.05333154081,3144.45988340635,-0.782075009814813,-2.69209520387265,1.08959760429765,0.96051155879121,0.05,0.211096075778078,40190
"Cumulative17",34958,160412.993343689,-139827.6132455,466805.050019401,154078.534286911,-125454.993343689,-431847.050019402,174785.613245499,154078.534286911,-0.782075009814813,-2.69209520387265,1.08959760429765,0.96051155879121,0.05,0.211096075778078,40190
"Average18",278.897959183673,1264.74873939049,820.989616264696,1704.38729900168,223.558429422325,-985.850780206812,-1425.489339818,-542.091657081022,223.558429422325,-0.779483504907005,-1.12709291215027,-0.428616088079495,0.17676114034323,0.05,0.00175438596491228,40210
"Cumulative18",13666,61972.6882301338,40228.4911969701,83514.9776510822,10954.3630416939,-48306.6882301338,-69848.9776510822,-26562.4911969701,10954.3630416939,-0.779483504907005,-1.12709291215027,-0.428616088079495,0.17676114034323,0.05,0.00175438596491228,40210
"Average19",371.959183673469,1323.33568087117,844.814765042324,1793.09230172532,246.430199226357,-951.376497197702,-1421.13311805185,-472.855581368854,246.430199226357,-0.718923029847874,-1.07390221437716,-0.357320964139323,0.186218963781078,0.05,0.00138312586445367,40220
"Cumulative19",18226,64843.4483626874,41395.9234870738,87861.5227845408,12075.0797620915,-46617.4483626874,-69635.5227845408,-23169.9234870738,12075.0797620915,-0.718923029847874,-1.07390221437716,-0.357320964139323,0.186218963781078,0.05,0.00138312586445367,40220
"Average20",577,2864.6329413811,1682.95307116469,4039.99294000966,580.206794799241,-2287.6329413811,-3462.99294000966,-1105.95307116469,580.206794799241,-0.798578033623458,-1.20887841858723,-0.386071477147605,0.202541409902069,0.05,0.000875656742556918,40230
"Cumulative20",28273,140367.014127674,82464.7004870699,197959.654060473,28430.1329451628,-112094.014127674,-169686.654060473,-54191.7004870699,28430.1329451628,-0.798578033623458,-1.20887841858723,-0.386071477147605,0.20254140990207,0.05,0.000875656742556918,40230
"Average21",2463.95918367347,4829.47595814111,3794.95889110479,5830.43249010402,508.884397398177,-2365.51677446764,-3366.47330643055,-1330.99970743132,508.884397398177,-0.48980816862336,-0.697068032972738,-0.275599199368129,0.105370520903069,0.05,0.000862812769628991,40240
"Cumulative21",120734,236644.321948915,185952.985664135,285691.192015097,24935.3354725107,-115910.321948915,-164957.192015097,-65218.9856641347,24935.3354725107,-0.48980816862336,-0.697068032972738,-0.275599199368129,0.105370520903069,0.05,0.000862812769628991,40240
"Average22",660.755102040816,1453.89662143792,1084.64992135907,1813.71893543635,185.989875140499,-793.141519397102,-1152.96383339553,-423.894819318258,185.9898751405,-0.54552813982928,-0.793016378465231,-0.291557744249396,0.127925103063073,0.05,0.000858369098712446,40250
"Cumulative22",32377,71240.934450458,53147.8461465946,88872.2278363811,9113.50388188448,-38863.934450458,-56495.2278363811,-20770.8461465946,9113.50388188448,-0.54552813982928,-0.793016378465231,-0.291557744249396,0.127925103063073,0.05,0.000858369098712446,40250
"Average23",1256.34693877551,9489.44705291398,5658.18083569961,13102.2482259289,1905.16358274032,-8233.10011413847,-11845.9012871534,-4401.8338969241,1905.16358274032,-0.867605885593754,-1.24832366112584,-0.463866216058649,0.200766553848392,0.05,0.00288184438040346,40260
"Cumulative23",61561,464982.905592785,277250.860949281,642010.163070516,93353.0155542757,-403421.905592785,-580449.163070516,-215689.860949281,93353.0155542757,-0.867605885593754,-1.24832366112584,-0.463866216058649,0.200766553848392,0.05,0.00288184438040346,40260
"Average24",285.959183673469,855.804515909728,594.778590319735,1101.13561264442,124.616394303801,-569.845332236259,-815.176428970949,-308.819406646266,124.616394303801,-0.665859225608909,-0.952526440111628,-0.360852742542481,0.145613153456351,0.05,0.00088261253309797,40270
"Cumulative24",14012,41934.4212795767,29144.150925667,53955.6450195765,6106.20332088625,-27922.4212795767,-39943.6450195765,-15132.150925667,6106.20332088625,-0.665859225608909,-0.952526440111628,-0.360852742542481,0.145613153456351,0.05,0.00088261253309797,40270
"Average25",689.755102040816,1586.96685847723,1293.27440671657,1872.39691437984,147.982965017595,-897.211756436416,-1182.64181233902,-603.519304675752,147.982965017595,-0.565362629751028,-0.745221493455649,-0.380297358733034,0.0932489322175207,0.05,0.00112739571589628,40280
"Cumulative25",33798,77761.3760653844,63370.4459291118,91747.4488046121,7251.16528586216,-43963.3760653844,-57949.4488046121,-29572.4459291118,7251.16528586216,-0.565362629751028,-0.745221493455649,-0.380297358733034,0.0932489322175207,0.05,0.00112739571589628,40280
"Average26",330.530612244898,715.9230251157,553.477156947811,877.414976267178,80.7774272872478,-385.392412870802,-546.88436402228,-222.946544702913,80.7774272872478,-0.538315432456609,-0.763887100759049,-0.311411334573131,0.112829765845558,0.05,0.000796178343949045,40290
"Cumulative26",16196,35080.2282306693,27120.3806904428,42993.3338370917,3958.09393707514,-18884.2282306693,-26797.3338370917,-10924.3806904428,3958.09393707514,-0.538315432456609,-0.763887100759049,-0.311411334573131,0.112829765845558,0.05,0.000796178343949045,40290
"Average27",193.489795918367,555.851131559095,365.998643403393,741.13338551588,94.8560359600162,-362.361335640727,-547.643589597513,-172.508847485026,94.8560359600162,-0.651903567461216,-0.985234280375465,-0.310350807420612,0.170650072608392,0.05,0.00111607142857143,40300
"Cumulative27",9481,27236.7054463956,17933.9335267663,36315.5358902781,4647.9457620408,-17755.7054463956,-26834.5358902781,-8452.93352676628,4647.9457620408,-0.651903567461216,-0.985234280375465,-0.310350807420612,0.170650072608392,0.05,0.00111607142857143,40300
"Average28",714.102040816327,2871.27962471739,1989.70399672457,3726.60924043406,433.345107520097,-2157.17758390106,-3012.50719961773,-1275.60195590824,433.345107520097,-0.751294846148392,-1.04918628394274,-0.444262531913378,0.150924035328934,0.05,0.000874125874125874,40310
"Cumulative28",34991,140692.701611152,97495.4958395038,182603.852781269,21233.9102684848,-105701.701611152,-147612.852781269,-62504.4958395038,21233.9102684848,-0.751294846148392,-1.04918628394274,-0.444262531913378,0.150924035328934,0.05,0.000874125874125874,40310
"Average29",597.65306122449,4073.20770677831,1473.84529845198,6494.89434018946,1279.54095311688,-3475.55464555382,-5897.24127896497,-876.192237227491,1279.54095311688,-0.853272137281405,-1.44781256039343,-0.215111111512777,0.314135945237354,0.05,0.00452488687782805,40320
"Cumulative29",29285,199587.177632137,72218.4196241471,318249.822669283,62697.5067027272,-170302.177632137,-288964.822669283,-42933.419624147,62697.5067027272,-0.853272137281405,-1.44781256039343,-0.215111111512777,0.314135945237354,0.05,0.00452488687782805,40320
"Average30",3080.0612244898,7908.44674754068,1891.04934347178,13961.768899516,3293.52338283953,-4828.38552305088,-10881.7076750262,1189.01188101802,3293.52338283953,-0.610535251381997,-1.37596016289926,0.150347080656232,0.416456415270639,0.05,0.0795454545454545,40330
"Cumulative30",150923,387513.890629493,92661.4178301173,684126.676076283,161382.645759137,-236590.890629493,-533203.676076282,58261.5821698827,161382.645759137,-0.610535251381997,-1.37596016289926,0.150347080656232,0.416456415270639,0.05,0.0795454545454545,40330
"Average31",1079.28571428571,2560.07352352419,2068.33303455277,3130.98630048064,292.581018540791,-1480.78780923847,-2051.70058619492,-989.047320267058,292.581018540791,-0.578416125799398,-0.801422524525998,-0.386335513874437,0.11428617805399,0.05,0.0158730158730159,40340
"Cumulative31",52885,125443.602652685,101348.318693086,153418.328723551,14336.4699084987,-72558.6026526853,-100533.328723551,-48463.3186930859,14336.4699084987,-0.578416125799398,-0.801422524525998,-0.386335513874437,0.11428617805399,0.05,0.0158730158730159,40340
"Average32",450.081632653061,4110.84658907369,-3320.43867477042,10764.1859654979,3483.95049203156,-3660.76495642063,-10314.1043328448,3770.52030742348,3483.95049203156,-0.890513639246635,-2.50899762600212,0.917212604684696,0.84750194796654,0.05,0.1434034416826,40350
"Cumulative32",22054,201431.482864611,-162701.49506375,527445.112309396,170713.574109546,-179377.482864611,-505391.112309396,184755.49506375,170713.574109546,-0.890513639246635,-2.50899762600212,0.917212604684696,0.84750194796654,0.05,0.1434034416826,40350
"Average33",708.571428571429,2744.68698486494,1974.85727093959,3513.58597670492,410.285310048826,-2036.11555629351,-2805.01454813349,-1266.28584236816,410.285310048826,-0.741838893659382,-1.02197976075276,-0.461358927029149,0.149483461069064,0.05,0.0099009900990099,40360
"Cumulative33",34720,134489.662258382,96768.0062760397,172165.712858541,20103.9801923925,-99769.6622583821,-137445.712858541,-62048.0062760398,20103.9801923925,-0.741838893659382,-1.02197976075276,-0.461358927029149,0.149483461069064,0.05,0.0099009900990099,40360
"Average34",1246.28571428571,9734.98408159648,5943.4704382294,13328.7143961714,1829.83753894738,-8488.69836731077,-12082.4286818857,-4697.18472394369,1829.83753894738,-0.871978659252072,-1.241134919237,-0.482505639924311,0.187965129024361,0.05,0.000867302688638335,40370
"Cumulative34",61068,477014.219998227,291230.051473241,653107.005412398,89662.0394084216,-415946.219998227,-592039.005412398,-230162.051473241,89662.0394084216,-0.871978659252072,-1.241134919237,-0.482505639924311,0.187965129024361,0.05,0.000867302688638335,40370
"Average35",1549.34693877551,14041.9526409553,8818.71026809713,18930.1151455835,2585.03826726902,-12492.6057021798,-17380.768206808,-7269.36332932162,2585.03826726902,-0.889662999271438,-1.23777430754998,-0.517688922274209,0.184093931475698,0.05,0.0013986013986014,40380
"Cumulative35",75918,688055.679406808,432116.803136759,927575.642133592,126666.875096182,-612137.679406808,-851657.642133592,-356198.803136759,126666.875096182,-0.889662999271438,-1.23777430754998,-0.51768892227421,0.184093931475698,0.05,0.0013986013986014,40380
"Average36",779.265306122449,2239.70283566459,1577.60362297919,2869.26291007262,318.061931973075,-1460.43752954214,-2089.99760395017,-798.338316856746,318.061931973075,-0.652067544982495,-0.933158439891874,-0.356448321689897,0.142010773442047,0.05,0.000863557858376511,40390
"Cumulative36",38184,109745.438947565,77302.5775259805,140593.882593559,15585.0346666807,-71561.4389475649,-102409.882593559,-39118.5775259806,15585.0346666807,-0.652067544982495,-0.933158439891874,-0.356448321689897,0.142010773442047,0.05,0.000863557858376511,40390
"Average37",93.4081632653061,671.031102602226,232.185458860404,1088.49611700009,213.38145595829,-577.62293933692,-995.087953734788,-138.777295595098,213.38145595829,-0.860799055508644,-1.48292374209762,-0.206812016696284,0.31799041077352,0.05,0.00591216216216216,40400
"Cumulative37",4577,32880.5240275091,11377.0874841598,53336.3097330046,10455.6913419562,-28303.5240275091,-48759.3097330046,-6800.08748415979,10455.6913419562,-0.860799055508644,-1.48292374209762,-0.206812016696284,0.31799041077352,0.05,0.00591216216216216,40400
"Average38",416.34693877551,921.958327843641,751.360033348561,1084.25284525376,82.280293932771,-505.611389068131,-667.90590647825,-335.013094573051,82.280293932771,-0.548410241329129,-0.724442619917983,-0.363371189841747,0.0892451333730186,0.05,0.000902527075812274,40420
"Cumulative38",20401,45175.9580643384,36816.6416340795,53128.3894174343,4031.73440270578,-24774.9580643384,-32727.3894174343,-16415.6416340795,4031.73440270578,-0.548410241329129,-0.724442619917983,-0.363371189841747,0.0892451333730186,0.05,0.000902527075812274,40420
"Average39",365.30612244898,2749.39652318652,2116.56220220514,3325.60838758555,300.343892247817,-2384.09040073754,-2960.30226513657,-1751.25607975616,300.343892247817,-0.867132252707735,-1.07670983074701,-0.636960171072914,0.109239933096199,0.05,0.000796812749003984,40430
"Cumulative39",17900,134720.42963614,103711.547908052,162954.810991692,14716.850720143,-116820.42963614,-145054.810991692,-85811.547908052,14716.850720143,-0.867132252707735,-1.07670983074701,-0.636960171072914,0.109239933096199,0.05,0.000796812749003984,40430
"Average40",337.122448979592,1116.58851312921,777.282261795179,1463.070732452,171.026220081821,-779.466064149615,-1125.94828347241,-440.159812815588,171.026220081821,-0.698078168442898,-1.00838247056382,-0.394200556104641,0.153168529024649,0.05,0.00087719298245614,40440
"Cumulative40",16519,54712.8371433312,38086.8308279638,71690.4658901481,8380.28478400923,-38193.8371433312,-55171.4658901481,-21567.8308279638,8380.28478400923,-0.698078168442898,-1.00838247056382,-0.394200556104641,0.153168529024649,0.05,0.00087719298245614,40440
"Average41",3177.48979591837,7164.86435934304,5352.01383316923,8870.57009004096,872.096538976254,-3987.37456342467,-5693.08029412259,-2174.52403725086,872.096538976254,-0.556517801795522,-0.794583122386507,-0.303498283874036,0.121718499505023,0.05,0.000862068965517241,40450
"Cumulative41",155697,351078.353607809,262248.677825292,434657.934412007,42732.7304098364,-195381.353607809,-278960.934412007,-106551.677825292,42732.7304098364,-0.556517801795522,-0.794583122386507,-0.303498283874036,0.121718499505023,0.05,0.000862068965517241,40450
"Average42",343.979591836735,5421.22698372453,2445.47392224959,8150.95047954657,1428.67262422966,-5077.24739188779,-7806.97088770984,-2101.49433041286,1428.67262422966,-0.936549494631119,-1.44007452762036,-0.387641826605289,0.26353307627937,0.05,0.00105374077976818,40460
"Cumulative42",16855,265640.122202502,119828.22219023,399396.573497782,70004.9585872531,-248785.122202502,-382541.573497782,-102973.22219023,70004.9585872531,-0.936549494631119,-1.44007452762036,-0.387641826605289,0.26353307627937,0.05,0.00105374077976818,40460
"Average43",236.081632653061,1637.82103051917,808.255495847044,2821.80967850829,549.44327472925,-1401.73939786611,-2585.72804585523,-572.173863193982,549.44327472925,-0.855856269852497,-1.57876104755816,-0.349350663187302,0.335472108668114,0.05,0.0222222222222222,40470
"Cumulative43",11568,80253.2304954394,39604.5192965051,138268.674246906,26922.7204617332,-68685.2304954394,-126700.674246906,-28036.5192965051,26922.7204617332,-0.855856269852497,-1.57876104755816,-0.349350663187302,0.335472108668114,0.05,0.0222222222222222,40470
"Average44",452.938775510204,965.016109919045,755.437114773517,1167.23685623795,103.638038588551,-512.077334408841,-714.298080727744,-302.498339263313,103.638038588551,-0.530641228830676,-0.74019290806209,-0.313464548574935,0.107395138302142,0.05,0.000862068965517241,40480
"Cumulative44",22194,47285.7893860332,37016.4186239023,57194.6059556594,5078.26389083902,-25091.7893860332,-35000.6059556594,-14822.4186239023,5078.26389083901,-0.530641228830676,-0.740192908062091,-0.313464548574935,0.107395138302142,0.05,0.000862068965517241,40480
"Average45",405.673469387755,1994.55978204265,1236.38632794462,2690.14322137582,360.022496128226,-1588.88631265489,-2284.46975198806,-830.712858556861,360.022496128226,-0.796610022401885,-1.14535035377507,-0.416489325632607,0.180502233810973,0.05,0.000867302688638335,40490
"Cumulative45",19878,97733.4293200897,60582.9300692861,131817.017847415,17641.1023102831,-77855.4293200897,-111939.017847415,-40704.9300692862,17641.1023102831,-0.796610022401885,-1.14535035377507,-0.416489325632607,0.180502233810973,0.05,0.000867302688638335,40490
"Average46",271.857142857143,812.282898570878,478.747868589561,1137.54993124267,160.855382995886,-540.425755713735,-865.692788385527,-206.890725732418,160.855382995886,-0.665317165564552,-1.06575281827134,-0.254702796398175,0.198028769630498,0.05,0.000867302688638335,40510
"Cumulative46",13321,39801.862029973,23458.6455608885,55739.9466308908,7881.9137667984,-26480.862029973,-42418.9466308908,-10137.6455608885,7881.9137667984,-0.665317165564552,-1.06575281827134,-0.254702796398175,0.198028769630498,0.05,0.000867302688638335,40510
"Average47",114.244897959184,612.179175697263,198.388908516209,996.45586103573,197.319970207398,-497.934277738079,-882.210963076547,-84.1440105570257,197.319970207398,-0.813379967018544,-1.44109926978768,-0.137449971997474,0.322323884968243,0.05,0.00970873786407767,40520
"Cumulative47",5598,29996.7796091659,9721.05651729423,48826.3371907508,9668.67854016251,-24398.7796091659,-43228.3371907508,-4123.05651729426,9668.67854016251,-0.813379967018544,-1.44109926978768,-0.137449971997474,0.322323884968243,0.05,0.00970873786407767,40520
"Average48",538.224489795918,4132.47206404862,2292.65402881252,5991.50256119481,932.084894828009,-3594.2475742527,-5453.27807139889,-1754.4295390166,932.084894828009,-0.869757258741487,-1.31961643947721,-0.424547223024121,0.225551408547173,0.05,0.00163132137030995,40530
"Cumulative48",26373,202491.131138383,112340.047411813,293583.625498546,45672.1598465724,-176118.131138383,-267210.625498546,-85967.0474118135,45672.1598465724,-0.869757258741487,-1.31961643947721,-0.424547223024121,0.225551408547173,0.05,0.00163132137030995,40530
"Average49",1474.51020408163,5874.18725943593,3010.90754315763,9016.18000884,1681.04797091954,-4399.67705535429,-7541.66980475836,-1536.397339076,1681.04797091954,-0.74898481458638,-1.28386608592429,-0.261550623298232,0.286175414006288,0.05,0.0277777777777778,40540
"Cumulative49",72251,287835.17571236,147534.469614724,441792.82043316,82371.3505750575,-215584.17571236,-369541.82043316,-75283.469614724,82371.3505750575,-0.74898481458638,-1.28386608592429,-0.261550623298232,0.286175414006288,0.05,0.0277777777777778,40540
"Average50",800.122448979592,3193.14774883535,2278.35587820659,4042.72063380492,466.287360648572,-2393.02529985576,-3242.59818482533,-1478.233429227,466.287360648572,-0.749425171675372,-1.01548642276513,-0.462939251641631,0.146027493033682,0.05,0.00258397932816537,40550
"Cumulative50",39206,156464.239692932,111639.438032123,198093.311056441,22848.08067178,-117258.239692932,-158887.311056441,-72433.4380321229,22848.08067178,-0.749425171675371,-1.01548642276513,-0.462939251641632,0.146027493033682,0.05,0.00258397932816537,40550
"Average51",871.938775510204,5836.34140539946,-2233.30672087693,13942.8215853787,4323.30019102443,-4964.40262988925,-13070.8828098685,3105.24549638714,4323.30019102443,-0.850601821424714,-2.2395678905583,0.532053435653085,0.740755190747538,0.05,0.153846153846154,40560
"Cumulative51",42725,285980.728864573,-109432.02932297,683198.257683557,211841.709360197,-243255.728864573,-640473.257683557,152157.02932297,211841.709360197,-0.850601821424714,-2.2395678905583,0.532053435653085,0.740755190747538,0.05,0.153846153846154,40560
"Average52",785.877551020408,4250.06663502337,2740.72347148741,5704.24593666327,739.031403427429,-3464.18908400296,-4918.36838564287,-1954.845920467,739.031403427429,-0.815090534217921,-1.15724500531645,-0.459956534412372,0.173887015638136,0.05,0.000862068965517241,40570
"Cumulative52",38508,208253.265116145,134295.450102883,279508.0508965,36212.538767944,-169745.265116145,-241000.0508965,-95787.4501028831,36212.538767944,-0.815090534217921,-1.15724500531645,-0.459956534412372,0.173887015638136,0.05,0.000862068965517241,40570
"Average53",507.469387755102,1653.39066924593,1204.41245966382,2091.63059742286,219.125272195679,-1145.92128149083,-1584.16120966776,-696.94307190872,219.125272195679,-0.693073514206691,-0.958128795047726,-0.421523530326064,0.132530850857902,0.05,0.00088261253309797,40580
"Cumulative53",24866,81016.1427930507,59016.2105235273,102489.89927372,10737.1383375883,-56150.1427930507,-77623.8992737202,-34150.2105235273,10737.1383375883,-0.693073514206691,-0.958128795047726,-0.421523530326064,0.132530850857902,0.05,0.00088261253309797,40580
"Average54",1658.18367346939,4875.33627667174,3579.48644598037,6055.96423789624,655.388903154196,-3217.15260320236,-4397.78056442685,-1921.30277251098,655.388903154196,-0.659883220485996,-0.902046610706635,-0.394086205233539,0.134429476442518,0.05,0.00980392156862745,40590
"Cumulative54",81251,238891.477556916,175394.835853038,296742.247656916,32114.0562545556,-157640.477556916,-215491.247656916,-94143.8358530379,32114.0562545556,-0.659883220485996,-0.902046610706635,-0.394086205233539,0.134429476442518,0.05,0.00980392156862745,40590
"Average55",148.204081632653,337.023607846959,236.045443172003,435.337299947558,49.8429127236384,-188.819526214306,-287.133218314905,-87.8413615393495,49.8429127236384,-0.560256082416779,-0.851967671194388,-0.260638600662176,0.147891457936893,0.05,0.000635324015247776,40600
"Cumulative55",7262,16514.156784501,11566.2267154281,21331.5276974303,2442.30272345828,-9252.156784501,-14069.5276974303,-4304.22671542812,2442.30272345828,-0.560256082416779,-0.851967671194388,-0.260638600662176,0.147891457936893,0.05,0.000635324015247776,40600
"Average56",151.877551020408,956.696608649363,621.805088620475,1268.73091607485,163.066066600084,-804.819057628955,-1116.85336505444,-469.927537600066,163.066066600084,-0.841247946687274,-1.16740600411575,-0.491198080302068,0.170446999734112,0.05,0.000874125874125874,40610
"Cumulative56",7442,46878.1338238188,30468.4493424033,62167.8148876678,7990.23726340411,-39436.1338238188,-54725.8148876678,-23026.4493424032,7990.23726340411,-0.841247946687274,-1.16740600411575,-0.491198080302068,0.170446999734112,0.05,0.000874125874125874,40610
"Average57",2410.28571428571,5474.8836618367,488.574864933203,10128.1649150915,2432.82262930536,-3064.59794755098,-7717.87920080582,1921.71084935251,2432.82262930536,-0.559755811600731,-1.40968825595404,0.351004873902256,0.44436060737941,0.05,0.103231597845601,40630
"Cumulative57",118104,268269.299429998,23940.168381727,496280.080839485,119208.308835963,-150165.299429998,-378176.080839485,94163.831618273,119208.308835963,-0.559755811600731,-1.40968825595404,0.351004873902256,0.44436060737941,0.05,0.103231597845601,40630
"Average58",1756.79591836735,4516.67940011125,3601.60535069091,5463.66537752862,510.560073549306,-2759.88348174391,-3706.86945916128,-1844.80943232356,510.560073549306,-0.611042590642127,-0.820706791602248,-0.408443741275531,0.113038811994655,0.05,0.0151515151515152,40650
"Cumulative58",86083,221317.290605451,176478.662183855,267719.603498903,25017.443603916,-135234.290605451,-181636.603498903,-90395.6621838546,25017.443603916,-0.611042590642127,-0.820706791602249,-0.408443741275531,0.113038811994655,0.05,0.0151515151515152,40650
"Average59",304.632653061225,3115.96206652606,997.068135711452,5129.03234975775,1013.52869694412,-2811.32941346484,-4824.39969669652,-692.435482650228,1013.52869694412,-0.902234800502288,-1.54828576012646,-0.222222051445643,0.325269908716856,0.05,0.00341296928327645,40660
"Cumulative59",14927,152682.141259777,48856.3386498612,251322.58513813,49662.9061502618,-137755.141259777,-236395.58513813,-33929.3386498612,49662.9061502618,-0.902234800502288,-1.54828576012646,-0.222222051445643,0.325269908716856,0.05,0.00341296928327645,40660
"Average60",509.040816326531,3935.00274200492,1926.2285166361,5802.65126561389,970.797013630724,-3425.96192567839,-5293.61044928736,-1417.18770030957,970.797013630724,-0.870637748001372,-1.3452622009077,-0.360149101087411,0.246708090763895,0.05,0.00158227848101266,40670
"Cumulative60",24943,192815.134358241,94385.1973151688,284329.912015081,47569.0536679055,-167872.134358241,-259386.912015081,-69442.1973151688,47569.0536679055,-0.870637748001372,-1.3452622009077,-0.360149101087411,0.246708090763895,0.05,0.00158227848101266,40670
"Average61",671.387755102041,4944.04505753184,550.463937794775,9020.43612501251,2090.41633531993,-4272.6573024298,-8349.04836991046,120.923817307266,2090.41633531993,-0.864202743444007,-1.68870798561825,0.0244584780074057,0.422814984692616,0.05,0.0313075506445672,40680
"Cumulative61",32898,242258.20781906,26972.732951944,442001.370125613,102430.400430677,-209360.20781906,-409103.370125613,5925.26704805602,102430.400430677,-0.864202743444007,-1.68870798561825,0.0244584780074057,0.422814984692616,0.05,0.0313075506445672,40680
"Average62",280.428571428571,658.280197122098,481.586157246145,826.089438582212,86.2047772919414,-377.851625693526,-545.660867153641,-201.157585817574,86.2047772919414,-0.573998165743762,-0.828918854826847,-0.305580490947479,0.130954535270567,0.05,0.000635727908455181,40690
"Cumulative62",13741,32255.7296589828,23597.7217050611,40478.3824905284,4224.03408730513,-18514.7296589828,-26737.3824905284,-9856.72170506112,4224.03408730513,-0.573998165743762,-0.828918854826847,-0.305580490947479,0.130954535270567,0.05,0.000635727908455181,40690
"Average63",362.755102040816,860.607807172584,605.127884221074,1110.64396264487,129.871633298243,-497.852705131767,-747.888860604051,-242.372782180257,129.871633298243,-0.578489645321018,-0.869024025079605,-0.281629773934473,0.150906873277061,0.05,0.00154320987654321,40700
"Cumulative63",17775,42169.7825514566,29651.2663268326,54421.5541695985,6363.71003161388,-24394.7825514566,-36646.5541695985,-11876.2663268326,6363.71003161388,-0.578489645321019,-0.869024025079605,-0.281629773934473,0.150906873277061,0.05,0.00154320987654321,40700
"Average64",680.040816326531,4631.09276631984,2433.78605709072,6713.36796748,1081.26794228244,-3951.05194999331,-6033.32715115346,-1753.74524076419,1081.26794228244,-0.853157591384866,-1.30278693509047,-0.378689291978452,0.233480087064134,0.05,0.000860585197934596,40710
"Cumulative64",33322,226923.545549672,119255.516797445,328955.03040652,52982.1291718394,-193601.545549672,-295633.03040652,-85933.5167974454,52982.1291718394,-0.853157591384866,-1.30278693509047,-0.378689291978452,0.233480087064134,0.05,0.000860585197934596,40710
"Average65",289.734693877551,754.522626784068,589.20000405531,913.585764170074,82.4628061604254,-464.787932906517,-623.851070292523,-299.465310177759,82.4628061604254,-0.616002643800809,-0.826815589283923,-0.396893743868414,0.109291362820886,0.05,0.000825082508250825,40720
"Cumulative65",14197,36971.6087124194,28870.8001987102,44765.7024443336,4040.67750186084,-22774.6087124194,-30568.7024443336,-14673.8001987102,4040.67750186084,-0.616002643800809,-0.826815589283923,-0.396893743868414,0.109291362820886,0.05,0.000825082508250825,40720
"Average66",634.224489795918,5772.66269056359,3550.044311803,7835.52012226977,1057.59209781233,-5138.43820076767,-7201.29563247385,-2915.81982200708,1057.59209781233,-0.890133111218733,-1.2474824909215,-0.505108297211526,0.183206979950715,0.05,0.000862068965517241,40730
"Cumulative66",31077,282860.471837616,173952.171278347,383940.485991219,51822.012792804,-251783.471837616,-352863.485991219,-142875.171278347,51822.012792804,-0.890133111218733,-1.2474824909215,-0.505108297211526,0.183206979950715,0.05,0.000862068965517241,40730
"Average67",297.65306122449,873.69263520908,631.954234081329,1103.97407572215,116.243956474915,-576.039573984591,-806.321014497658,-334.301172856839,116.243956474915,-0.659316046365368,-0.922888647567345,-0.382630182955404,0.133049028674823,0.05,0.000832639467110741,40740
"Cumulative67",14585,42810.9391252449,30965.7574699851,54094.7297103852,5695.95386727081,-28225.9391252449,-39509.7297103853,-16380.7574699851,5695.95386727081,-0.659316046365368,-0.922888647567345,-0.382630182955404,0.133049028674823,0.05,0.000832639467110741,40740
"Average68",448.040816326531,2063.69199625619,1335.30786306254,2763.29499825313,355.410526613361,-1615.65117992966,-2315.2541819266,-887.267046736009,355.410526613361,-0.782893563022323,-1.12189909449994,-0.429941603856403,0.172220722500316,0.05,0.000858369098712446,40750
"Cumulative68",21954,101120.907816553,65430.0852900644,135401.454914403,17415.1158040547,-79166.9078165535,-113447.454914403,-43476.0852900644,17415.1158040547,-0.782893563022323,-1.12189909449994,-0.429941603856403,0.172220722500316,0.05,0.000858369098712446,40750
"Average69",1095.28571428571,2911.19364101419,1494.99073696239,4342.067227521,740.694694827903,-1815.90792672848,-3246.78151323529,-399.705022676676,740.694694827903,-0.623767481882743,-1.11527500867451,-0.137299359632233,0.254429895831273,0.05,0.00754716981132075,40760
"Cumulative69",53669,142648.488409695,73254.5461111571,212761.294148529,36294.0400465673,-88979.4884096953,-159092.294148529,-19585.5461111571,36294.0400465673,-0.623767481882743,-1.11527500867451,-0.137299359632233,0.254429895831273,0.05,0.00754716981132075,40760
"Average70",934.244897959184,2340.80567602023,1148.8700607224,3512.1248225373,618.143279662196,-1406.56077806105,-2577.87992457811,-214.62516276322,618.143279662196,-0.600887460445859,-1.10127891049929,-0.091688586097467,0.264072872855104,0.05,0.0162866449511401,40770
"Cumulative70",45778,114699.478124991,56294.6329753978,172094.116304328,30289.0207034476,-68921.4781249914,-126316.116304328,-10516.6329753978,30289.0207034476,-0.600887460445859,-1.10127891049929,-0.091688586097467,0.264072872855104,0.05,0.0162866449511401,40770
"Average71",318.428571428571,922.20121992208,690.044662620898,1152.55479579792,115.033413761491,-603.772648493509,-834.12622436935,-371.616091192326,115.033413761491,-0.65470814335349,-0.904494817779387,-0.402966384303553,0.124737867697909,0.05,0.000858369098712446,40780
"Cumulative71",15603,45187.8597761819,33812.188468424,56475.1849940981,5636.63727431306,-29584.8597761819,-40872.1849940981,-18209.188468424,5636.63727431306,-0.65470814335349,-0.904494817779387,-0.402966384303553,0.124737867697909,0.05,0.000858369098712446,40780
"Average72",547.530612244898,5377.28864664093,3123.45829023406,7556.57034715491,1100.57649478544,-4829.75803439603,-7009.03973491001,-2575.92767798916,1100.57649478544,-0.898177195195402,-1.30345238939115,-0.479038386678068,0.204671269687735,0.05,0.000862068965517241,40790
"Cumulative72",26829,263487.143685405,153049.456221469,370271.94701059,53928.2482444867,-236658.143685405,-343442.94701059,-126220.456221469,53928.2482444867,-0.898177195195402,-1.30345238939115,-0.479038386678068,0.204671269687735,0.05,0.000862068965517241,40790
"Average73",554.979591836735,2970.31500761084,1884.41177011705,4166.70505323467,546.710056023638,-2415.33541577411,-3611.72546139794,-1329.43217828031,546.710056023638,-0.813158001621138,-1.21594021245006,-0.44757279105883,0.184057938172484,0.05,0.00245098039215686,40800
"Cumulative73",27194,145545.435372931,92336.1767357353,204168.547608499,26788.7927451583,-118351.435372931,-176974.547608499,-65142.1767357353,26788.7927451583,-0.813158001621138,-1.21594021245006,-0.44757279105883,0.184057938172484,0.05,0.00245098039215686,40800
"Average74",499.448979591837,2222.63838332028,1389.7168643252,3139.77132489308,464.173076889943,-1723.18940372845,-2640.32234530124,-890.26788473336,464.173076889943,-0.775290041178117,-1.18792259015927,-0.400545536968293,0.208838774842239,0.05,0.0185185185185185,40810
"Cumulative74",24473,108909.280782694,68096.1263519346,153848.794919761,22744.4807676072,-84436.2807826938,-129375.794919761,-43623.1263519346,22744.4807676072,-0.775290041178117,-1.18792259015927,-0.400545536968293,0.208838774842239,0.05,0.0185185185185185,40810
"Average75",1212.5306122449,4219.37532782465,2284.193411447,6101.66321602944,978.057004097402,-3006.84471557975,-4889.13260378455,-1071.66279920211,978.057004097402,-0.712627932327122,-1.1587337517815,-0.253986127314873,0.23180137534758,0.05,0.00237529691211401,40820
"Cumulative75",59414,206749.391063408,111925.477160903,298981.497585443,47924.7932007727,-147335.391063408,-239567.497585443,-52511.4771609032,47924.7932007727,-0.712627932327122,-1.1587337517815,-0.253986127314873,0.231801375347581,0.05,0.00237529691211401,40820
"Average76",416.489795918367,1497.47806573925,1126.0236616814,1851.98668185671,183.541995551394,-1080.98826982088,-1435.49688593834,-709.533865763036,183.541995551394,-0.721872523246101,-0.958609624261635,-0.473819204432063,0.122567401653917,0.05,0.000827814569536424,40830
"Cumulative76",20408,73376.4252212232,55175.1594223888,90747.3474109787,8993.5577820183,-52968.4252212232,-70339.3474109787,-34767.1594223888,8993.5577820183,-0.7218725232461,-0.958609624261635,-0.473819204432063,0.122567401653917,0.05,0.000827814569536424,40830
"Average77",141.632653061224,572.846958186094,384.057703261713,755.943060231897,91.0941017847272,-431.21430512487,-614.310407170673,-242.425050200488,91.0941017847272,-0.752756559082201,-1.07238137235794,-0.423193397008027,0.159019962457642,0.05,0.000791139240506329,40840
"Cumulative77",6940,28069.5009511186,18818.8274598239,37041.209951363,4463.61098745163,-21129.5009511186,-30101.209951363,-11878.8274598239,4463.61098745163,-0.752756559082201,-1.07238137235794,-0.423193397008027,0.159019962457642,0.05,0.000791139240506329,40840
"Average78",479.959183673469,3030.91793970428,-27.7427151316296,5895.51382617836,1611.05405823577,-2550.95875603082,-5415.55464250489,507.701898805097,1611.05405823577,-0.841645602678277,-1.7867704603818,0.167507635939042,0.531539979070815,0.05,0.0642857142857143,40850
"Cumulative78",23518,148514.97904551,-1359.39304144985,288880.17748274,78941.6488535529,-124996.97904551,-265362.17748274,24877.3930414498,78941.6488535529,-0.841645602678277,-1.7867704603818,0.167507635939042,0.531539979070815,0.05,0.0642857142857143,40850
"Average79",175.285714285714,1215.3436220336,794.729141265951,1627.25605648188,205.112601072898,-1040.05790774789,-1451.97034219617,-619.443426980236,205.112601072898,-0.855772712253664,-1.19469943798004,-0.509685833495994,0.168769224895992,0.05,0.000848176420695505,40870
"Cumulative79",8589,59551.8374796465,38941.7279220316,79735.5467676123,10050.517452572,-50962.8374796465,-71146.5467676123,-30352.7279220316,10050.517452572,-0.855772712253664,-1.19469943798004,-0.509685833495994,0.168769224895992,0.05,0.000848176420695505,40870
"Average80",672.163265306122,2259.35219891595,1722.17787917932,2929.53868505173,344.893477442563,-1587.18893360983,-2257.37541974561,-1050.0146138732,344.893477442563,-0.702497350511076,-0.999125068162774,-0.464741448622753,0.15265148904542,0.05,0.0212765957446809,40880
"Cumulative80",32936,110708.257746882,84386.7160797869,143547.395567535,16899.7803946856,-77772.2577468816,-110611.395567535,-51450.7160797869,16899.7803946856,-0.702497350511076,-0.999125068162774,-0.464741448622753,0.15265148904542,0.05,0.0212765957446809,40880
"Average81",3914.04081632653,8040.10358487758,1581.03642068159,14519.3631526109,3333.98563449111,-4126.06276855105,-10605.3223362844,2333.00439564493,3333.98563449111,-0.513185274915071,-1.31905294805301,0.290170937602473,0.414669487686939,0.05,0.110696517412935,40890
"Cumulative81",191788,393965.075659002,77470.784613398,711448.794477933,163365.296090064,-202177.075659002,-519660.794477934,114317.215386602,163365.296090064,-0.513185274915071,-1.31905294805301,0.290170937602473,0.414669487686939,0.05,0.110696517412935,40890
"Average82",1623.61224489796,4150.85393906614,3085.03753627778,5186.34090748397,522.765270972063,-2527.24169416818,-3562.72866258601,-1461.42529137982,522.765270972063,-0.608848620372501,-0.858312220783069,-0.35207822603091,0.12594162036202,0.05,0.000846740050804403,40900
"Cumulative82",79557,203391.843014241,151166.839277611,254130.704466715,25615.4982776311,-123834.843014241,-174573.704466715,-71609.8392776113,25615.4982776311,-0.608848620372501,-0.858312220783069,-0.35207822603091,0.12594162036202,0.05,0.000846740050804403,40900
"Average83",1188.57142857143,2395.42103419288,1827.39316845706,2963.03175237075,287.880035803334,-1206.84960562145,-1774.46032379932,-638.821739885632,287.880035803334,-0.503815232643681,-0.740771788537464,-0.266684533018171,0.120179305305438,0.05,0.00154083204930663,40910
"Cumulative83",58240,117375.630675451,89542.265254396,145188.555866167,14106.1217543634,-59135.6306754512,-86948.5558661668,-31302.265254396,14106.1217543634,-0.503815232643681,-0.740771788537464,-0.266684533018171,0.120179305305438,0.05,0.00154083204930663,40910
"Average84",920.30612244898,1611.44042866503,963.185893223975,2235.11114792714,333.969091495912,-691.134306216048,-1314.80502547816,-42.8797707749952,333.969091495912,-0.428892246912663,-0.815919100755955,-0.0266095910293862,0.207248797755796,0.05,0.0158730158730159,40920
"Cumulative84",45095,78960.5810045863,47196.1087679748,109520.44624843,16364.4854832997,-33865.5810045863,-64425.4462484298,-2101.10876797476,16364.4854832997,-0.428892246912663,-0.815919100755955,-0.0266095910293862,0.207248797755796,0.05,0.0158730158730159,40920
"Average85",1306.30612244898,5962.62569613247,4332.08903074704,7509.67686495393,828.84051952659,-4656.31957368349,-6203.37074250495,-3025.78290829806,828.84051952659,-0.780917637795663,-1.04037567652932,-0.507458133798449,0.139005961763489,0.05,0.00138121546961326,40930
"Cumulative85",64009,292168.659110491,212272.362506605,367974.166382743,40613.1854568029,-228159.659110491,-303965.166382743,-148263.362506605,40613.1854568029,-0.780917637795663,-1.04037567652932,-0.507458133798449,0.139005961763489,0.05,0.00138121546961326,40930
"Average86",150.428571428571,395.069282064261,218.063800058561,561.844830001524,86.26050522569,-244.640710635689,-411.416258572953,-67.6352286299899,86.26050522569,-0.619234958884748,-1.04137749314064,-0.171198399117724,0.218342729090386,0.05,0.00173160173160173,40940
"Cumulative86",7371,19358.3948211488,10685.1262028695,27530.3966700747,4226.76475605881,-11987.3948211488,-20159.3966700747,-3314.1262028695,4226.76475605881,-0.619234958884748,-1.04137749314064,-0.171198399117724,0.218342729090385,0.05,0.00173160173160173,40940
"Average87",738.285714285714,4017.00988484778,2653.86580894781,5320.17747201147,678.013831330934,-3278.72417056207,-4581.89175772575,-1915.58009466209,678.013831330934,-0.816210132548954,-1.14062247519199,-0.476867159796566,0.168785701496133,0.05,0.00111111111111111,40960
"Cumulative87",36176,196833.484357541,130039.424638443,260688.696128562,33222.6777352158,-160657.484357541,-224512.696128562,-93863.4246384425,33222.6777352158,-0.816210132548954,-1.14062247519199,-0.476867159796566,0.168785701496133,0.05,0.00111111111111111,40960
"Average88",486.877551020408,1006.3153189081,776.816165621084,1223.99117561039,111.600997062428,-519.437767887688,-737.113624589984,-289.938614600676,111.600997062428,-0.516177939585879,-0.732487730972624,-0.288119050910677,0.110900624253162,0.05,0.000791139240506329,40970
"Cumulative88",23857,49309.4506264967,38063.9921154331,59975.5676049092,5468.44885605895,-25452.4506264967,-36118.5676049092,-14206.9921154331,5468.44885605895,-0.516177939585879,-0.732487730972624,-0.288119050910677,0.110900624253162,0.05,0.000791139240506329,40970
"Average89",297.551020408163,814.753694614733,524.483619299222,1094.45998842408,145.178449604131,-517.20267420657,-796.908968015915,-226.932598891059,145.178449604131,-0.634796353333673,-0.978098010826134,-0.278529082336186,0.178186917793334,0.05,0.0013986013986014,40980
"Cumulative89",14580,39922.9310361219,25699.6973456619,53628.5394327798,7113.74403060242,-25342.9310361219,-39048.5394327798,-11119.6973456619,7113.74403060242,-0.634796353333673,-0.978098010826134,-0.278529082336186,0.178186917793334,0.05,0.0013986013986014,40980
"Average90",1733.38775510204,3395.98752579496,2496.17325098043,4261.94022984058,443.71437671175,-1662.59977069292,-2528.55247473854,-762.785495878385,443.71437671175,-0.489577702528141,-0.744570601491428,-0.224613750811651,0.13065842360769,0.05,0.000796812749003984,40990
"Cumulative90",84936,166403.388763953,122312.489298041,208835.071262189,21742.0044588758,-81467.3887639532,-123899.071262189,-37376.4892980409,21742.0044588758,-0.489577702528141,-0.744570601491428,-0.224613750811651,0.13065842360769,0.05,0.000796812749003984,40990
"Average91",1208.04081632653,2970.35413554978,457.233612342861,5481.92753593473,1264.50695755496,-1762.31331922325,-4273.88671960821,750.807203983665,1264.50695755496,-0.593300744221553,-1.43884753284381,0.252766899070335,0.425709157847912,0.05,0.0845637583892618,41000
"Cumulative91",59194,145547.352641939,22404.4470048002,268614.449260802,61960.8409201932,-86353.3526419394,-209420.449260802,36789.5529951996,61960.8409201932,-0.593300744221553,-1.43884753284381,0.252766899070335,0.425709157847912,0.05,0.0845637583892618,41000
"Average92",164.142857142857,1297.97649262534,528.395515268327,2034.63406430005,374.403269068668,-1133.83363548248,-1870.49120715719,-364.25265812547,374.403269068668,-0.873539422265764,-1.44108249863129,-0.280631167201433,0.288451502161943,0.05,0.00253378378378378,41010
"Cumulative92",8043,63600.8481386415,25891.380248148,99697.0691507024,18345.7601843647,-55557.8481386415,-91654.0691507024,-17848.380248148,18345.7601843647,-0.873539422265764,-1.44108249863129,-0.280631167201433,0.288451502161943,0.05,0.00253378378378378,41010
"Average93",1099,5460.26815473712,3604.6724267025,7272.37659944602,922.979421059176,-4361.26815473712,-6173.37659944602,-2505.6724267025,922.979421059176,-0.798727833715172,-1.1305995281734,-0.458891826499158,0.169035548237395,0.05,0.000862068965517241,41020
"Cumulative93",53851,267553.139582119,176628.948908423,356346.453372855,45225.9916318996,-213702.139582119,-302495.453372855,-122777.948908423,45225.9916318996,-0.798727833715172,-1.1305995281734,-0.458891826499158,0.169035548237394,0.05,0.000862068965517241,41020
"Average94",467.489795918367,2347.46863070013,1330.07805329099,3327.78050011968,503.507351323449,-1879.97883478176,-2860.29070420131,-862.588257372625,503.507351323449,-0.800853655804151,-1.21845747661737,-0.367454647142765,0.214489490823687,0.05,0.00112612612612613,41030
"Cumulative94",22907,115025.962904306,65173.8246112586,163061.244505864,24671.860214849,-92118.9629043064,-140154.244505864,-42266.8246112586,24671.860214849,-0.800853655804151,-1.21845747661737,-0.367454647142765,0.214489490823687,0.05,0.00112612612612613,41030
"Average95",278.857142857143,783.955663302283,589.232515857132,969.161590712096,94.5031620277033,-505.09852044514,-690.304447854953,-310.375372999989,94.5031620277033,-0.644294752993424,-0.880540163390313,-0.395909344786904,0.120546564622831,0.05,0.000791139240506329,41040
"Cumulative95",13664,38413.8275018119,28872.3932769995,47488.9179448927,4630.65493935746,-24749.8275018119,-33824.9179448927,-15208.3932769995,4630.65493935746,-0.644294752993424,-0.880540163390313,-0.395909344786904,0.120546564622831,0.05,0.000791139240506329,41040
"Average96",106.163265306122,633.055713529412,-483.218821653759,1704.30994436237,569.803354166267,-526.892448223289,-1598.14667905625,589.382086959882,569.803354166267,-0.832300280943298,-2.52449609868657,0.931011401309308,0.90008405577686,0.05,0.186311787072243,41050
"Cumulative96",5202,31019.7299629412,-23677.7222610342,83511.1872737561,27920.3643541471,-25817.7299629412,-78309.1872737561,28879.7222610342,27920.3643541471,-0.832300280943298,-2.52449609868657,0.931011401309308,0.90008405577686,0.05,0.186311787072243,41050
"Average97",364.122448979592,1248.39952890767,907.143599925695,1570.8979888528,166.709614962487,-884.277079928074,-1206.77553987321,-543.021150946103,166.709614962487,-0.708328591490102,-0.966658118598557,-0.434973851216717,0.133538671797126,0.05,0.000902527075812274,41060
"Cumulative97",17842,61171.5769164756,44450.0363963591,76974.0014537873,8168.77113316189,-43329.5769164756,-59132.0014537873,-26608.0363963591,8168.77113316189,-0.708328591490102,-0.966658118598557,-0.434973851216717,0.133538671797126,0.05,0.000902527075812274,41060
"Average98",430.897959183673,1206.88325419591,754.072824428502,1641.92567568599,227.803822116161,-775.985295012234,-1211.02771650232,-323.174865244828,227.803822116161,-0.64296632861083,-1.00343402088976,-0.26777641012191,0.188753818005318,0.05,0.00158730158730159,41070
"Cumulative98",21114,59137.2794555995,36949.5683969966,80454.3581086136,11162.3872836919,-38023.2794555995,-59340.3581086136,-15835.5683969966,11162.3872836919,-0.64296632861083,-1.00343402088976,-0.26777641012191,0.188753818005318,0.05,0.00158730158730159,41070
"Average99",291.897959183673,779.563568266588,614.244007876085,940.145724657821,81.9870695766735,-487.665609082914,-648.247765474147,-322.346048692411,81.9870695766735,-0.625562338895944,-0.831552155413791,-0.413495527259143,0.105170473472712,0.05,0.00111856823266219,41080
"Cumulative99",14303,38198.6148450628,30097.9563859282,46067.1405082332,4017.366409257,-23895.6148450628,-31764.1405082332,-15794.9563859282,4017.366409257,-0.625562338895944,-0.831552155413791,-0.413495527259143,0.105170473472712,0.05,0.00111856823266219,41080
"Average100",793.612244897959,6715.41794082508,4140.81207133548,9268.80914069396,1365.71700945715,-5921.80569592712,-8475.19689579601,-3347.19982643752,1365.71700945715,-0.881822359845491,-1.26205054852546,-0.498435072237108,0.203370366742856,0.05,0.00833333333333333,41090
"Cumulative100",38887,329055.479100429,202899.791495438,454171.647894004,66920.1334634003,-290168.479100429,-415284.647894004,-164012.791495438,66920.1334634003,-0.881822359845491,-1.26205054852546,-0.498435072237108,0.203370366742856,0.05,0.00833333333333333,41090
"Average101",266.714285714286,1319.41886807337,719.782750396453,1911.88722237656,300.533918662202,-1052.70458235908,-1645.17293666227,-453.068464682167,300.533918662202,-0.797854728192764,-1.24689207989316,-0.34338486105155,0.22777749048037,0.05,0.00165016501650165,41120
"Cumulative101",13069,64651.524535595,35269.3547694262,93682.4738964514,14726.1620144479,-51582.524535595,-80613.4738964514,-22200.3547694262,14726.1620144479,-0.797854728192764,-1.24689207989316,-0.34338486105155,0.22777749048037,0.05,0.00165016501650165,41120
"Average102",351.775510204082,2115.73166862877,1439.71151506964,2776.09246618128,343.551244415798,-1763.95615842469,-2424.3169559772,-1087.93600486556,343.551244415798,-0.833733400402296,-1.14585275246573,-0.514212657964638,0.162379402600925,0.05,0.00112107623318386,41130
"Cumulative102",17237,103670.85176281,70545.8642384125,136028.530842883,16834.0109763741,-86433.85176281,-118791.530842883,-53308.8642384125,16834.0109763741,-0.833733400402296,-1.14585275246573,-0.514212657964638,0.162379402600925,0.05,0.00112107623318386,41130
"Average103",161.163265306122,328.937180299092,245.618727359345,407.329056774266,40.3405304683663,-167.77391499297,-246.165791468144,-84.4554620532229,40.3405304683663,-0.510048498745013,-0.748367184409841,-0.256752556753938,0.122639010985885,0.05,0.000635324015247776,41140
"Cumulative103",7897,16117.9218346555,12035.3176406079,19959.1237819391,1976.68599294995,-8220.92183465552,-12062.1237819391,-4138.31764060792,1976.68599294995,-0.510048498745013,-0.748367184409841,-0.256752556753938,0.122639010985885,0.05,0.000635324015247776,41140
"Average104",659.938775510204,2735.44361641585,1940.16183384367,3512.31841746308,393.226717674173,-2075.50484090565,-2852.37964195288,-1280.22305833346,393.226717674173,-0.758745246456625,-1.04274846859766,-0.468012957989933,0.143752448529501,0.05,0.00114025085518814,41150
"Cumulative104",32337,134036.737204377,95067.9298583396,172103.602455691,19268.1091660345,-101699.737204377,-139766.602455691,-62730.9298583396,19268.1091660345,-0.758745246456625,-1.04274846859766,-0.468012957989933,0.143752448529501,0.05,0.00114025085518814,41150
"Average105",429,3241.69609079008,2103.94406022397,4308.10709390437,547.460267817472,-2812.69609079008,-3879.10709390437,-1674.94406022397,547.460267817472,-0.867661869593876,-1.19662885886349,-0.516687565186206,0.168880811922145,0.05,0.000870322019147084,41160
"Cumulative105",21021,158843.108448714,103093.258950975,211097.247601314,26825.5531230561,-137822.108448714,-190076.247601314,-82072.2589509746,26825.5531230561,-0.867661869593876,-1.19662885886349,-0.516687565186206,0.168880811922145,0.05,0.000870322019147084,41160
"Average106",1024.63265306122,2403.16596785931,1837.64113676367,2965.81916475455,284.730247185597,-1378.53331479809,-1941.18651169333,-813.008483702441,284.730247185597,-0.573632172407158,-0.807762151118715,-0.338307255751733,0.118481307988573,0.05,0.00111482720178372,41170
"Cumulative106",50207,117755.132425106,90044.4157014196,145325.139072973,13951.7821120943,-67548.1324251063,-95118.139072973,-39837.4157014196,13951.7821120943,-0.573632172407158,-0.807762151118715,-0.338307255751733,0.118481307988573,0.05,0.00111482720178372,41170
"Average107",556.959183673469,1592.48874016701,1311.38544873045,1877.51807850573,143.687203784678,-1035.52955649354,-1320.55889483226,-754.42626505698,143.687203784678,-0.650258636293367,-0.829242217871985,-0.473740407720471,0.0902280814680099,0.05,0.00112485939257593,41180
"Cumulative107",27291,78031.9482681836,64257.886987792,91998.3858467806,7040.67298544921,-50740.9482681836,-64707.3858467806,-36966.886987792,7040.67298544921,-0.650258636293367,-0.829242217871985,-0.473740407720471,0.09022808146801,0.05,0.00112485939257593,41180
"Average108",542.081632653061,1221.8985732244,949.449286356439,1473.18882686783,134.634090610777,-679.816940571339,-931.107194214773,-407.367653703378,134.634090610777,-0.55636118698249,-0.762016761962268,-0.333389090248627,0.110184342269505,0.05,0.0021505376344086,41190
"Cumulative108",26562,59873.0300879956,46523.0150314655,72186.2525165239,6597.07043992805,-33311.0300879956,-45624.2525165239,-19961.0150314655,6597.07043992805,-0.55636118698249,-0.762016761962268,-0.333389090248627,0.110184342269505,0.05,0.0021505376344086,41190
"Average109",1061.48979591837,2449.94503521368,1991.45549076958,2878.96616652932,233.342876954813,-1388.45523929531,-1817.47637061096,-929.965694851211,233.342876954813,-0.566729138547475,-0.741843733017643,-0.379586350503615,0.0952441273583355,0.05,0.0016025641025641,41200
"Cumulative109",52013,120047.30672547,97581.3190477093,141069.342159937,11433.8009707859,-68034.3067254702,-89056.3421599368,-45568.3190477093,11433.8009707859,-0.566729138547475,-0.741843733017643,-0.379586350503615,0.0952441273583355,0.05,0.0016025641025641,41200
"Average110",293.551020408163,2253.52181671934,1153.30751570292,3312.5113097821,534.003782817585,-1959.97079631117,-3018.96028937394,-859.756495294757,534.003782817585,-0.869736774576466,-1.33966321824606,-0.381516827978344,0.236964106074191,0.05,0.000879507475813544,41210
"Cumulative110",14384,110422.569019248,56512.0682694431,162313.054179323,26166.1853580617,-96038.5690192475,-147929.054179323,-42128.0682694431,26166.1853580617,-0.869736774576466,-1.33966321824606,-0.381516827978344,0.236964106074191,0.05,0.000879507475813544,41210
"Average111",1239.71428571429,9001.15067926774,-1221.98621436304,18887.3226962687,5090.07306313252,-7761.43639355345,-17647.6084105544,2461.70050007733,5090.07306313252,-0.862271577280702,-1.96059471054095,0.273487311544216,0.565491373770293,0.05,0.0699126092384519,41220
"Cumulative111",60746,441056.383284119,-59877.324503789,925478.812117167,249413.580093493,-380310.383284119,-864732.812117167,120623.324503789,249413.580093493,-0.862271577280702,-1.96059471054095,0.273487311544216,0.565491373770293,0.05,0.0699126092384519,41220
"Average112",923.959183673469,2131.97351892589,1430.06504150529,2792.20623666667,336.964133312515,-1208.01433525242,-1868.2470529932,-506.105857831821,336.964133312515,-0.566617889260197,-0.876299370704396,-0.237388435334226,0.158052682325192,0.05,0.000796178343949045,41230
"Cumulative112",45274,104466.702427369,70073.1870337592,136818.105596667,16511.2425323132,-59192.7024273688,-91544.1055966667,-24799.1870337592,16511.2425323132,-0.566617889260197,-0.876299370704396,-0.237388435334226,0.158052682325192,0.05,0.000796178343949045,41230
"Average113",413.775510204082,2205.62242064455,919.802856320706,3398.23247131774,624.456059340563,-1791.84691044047,-2984.45696111366,-506.027346116624,624.456059340563,-0.812399662638919,-1.35311326779201,-0.229426098220723,0.283120108634949,0.05,0.00167224080267559,41240
"Cumulative113",20275,108075.498611583,45070.3399597146,166513.391094569,30598.3469076876,-87800.4986115829,-146238.391094569,-24795.3399597146,30598.3469076876,-0.812399662638919,-1.35311326779201,-0.229426098220723,0.283120108634949,0.05,0.00167224080267559,41240
"Average114",191.040816326531,588.079053698953,456.366694973022,714.059707453986,66.6985517781346,-397.038237372422,-523.018891127456,-265.325878646491,66.6985517781346,-0.675144327748276,-0.889368338895467,-0.45117382939865,0.113417662742123,0.05,0.00113250283125708,41250
"Cumulative114",9361,28815.8736312487,22361.9680536781,34988.9256652453,3268.2290371286,-19454.8736312487,-25627.9256652453,-13000.9680536781,3268.2290371286,-0.675144327748276,-0.889368338895467,-0.45117382939865,0.113417662742123,0.05,0.00113250283125708,41250
"Average115",443.979591836735,1299.64635424978,1013.4332668256,1577.15489354454,139.911177540414,-855.666762413041,-1133.17530170781,-569.453674988867,139.911177540414,-0.658384305557474,-0.871910499346523,-0.438160483524447,0.107653268200932,0.05,0.000792393026941363,41260
"Cumulative115",21755,63682.671358239,49658.2300744545,77280.5897836827,6855.64769948031,-41927.671358239,-55525.5897836827,-27903.2300744545,6855.64769948031,-0.658384305557474,-0.871910499346523,-0.438160483524447,0.107653268200932,0.05,0.000792393026941363,41260
"Average116",256.102040816327,739.587573894657,529.50924293356,940.14530735751,103.633170699923,-483.48553307833,-684.043266541184,-273.407202117233,103.633170699923,-0.653723169701598,-0.924898268556653,-0.369675224094796,0.140122920338146,0.05,0.000810372771474878,41270
"Cumulative116",12549,36239.7911208382,25945.9529037444,46067.120060518,5078.02536429625,-23690.7911208382,-33518.120060518,-13396.9529037444,5078.02536429625,-0.653723169701598,-0.924898268556653,-0.369675224094796,0.140122920338146,0.05,0.000810372771474878,41270
"Average117",1358.83673469388,4886.65944050978,3637.8197684605,6092.93951486236,597.145511741238,-3527.8227058159,-4734.10278016848,-2278.98303376663,597.145511741238,-0.721929315673342,-0.968780991964241,-0.466368295460525,0.122199125805858,0.05,0.00087719298245614,41280
"Cumulative117",66583,239446.312584979,178253.168654565,298554.036228256,29260.1300753206,-172863.312584979,-231971.036228256,-111670.168654565,29260.1300753206,-0.721929315673342,-0.968780991964241,-0.466368295460525,0.122199125805858,0.05,0.00087719298245614,41280
"Average118",889.387755102041,3135.16560692865,2410.40029108105,3889.63456149852,378.552640443142,-2245.77785182661,-3000.24680639648,-1521.01253597901,378.552640443142,-0.716318731892021,-0.956965973269803,-0.485145834917811,0.120744065195966,0.05,0.0188679245283019,41290
"Cumulative118",43580,153623.114739504,118109.614262971,190592.093513428,18549.079381714,-110043.114739504,-147012.093513428,-74529.6142629713,18549.079381714,-0.716318731892021,-0.956965973269803,-0.485145834917811,0.120744065195966,0.05,0.0188679245283019,41290
"Average119",1460.75510204082,4526.94942295003,1448.85092454656,7643.42119193273,1636.09072996739,-3066.19432090921,-6182.66608989191,11.9041774942599,1636.09072996739,-0.677320207149807,-1.36574666784391,0.00262962458425312,0.361411311925199,0.05,0.0350877192982456,41300
"Cumulative119",71577,221820.521724551,70993.6953027813,374527.638404704,80168.4457684022,-150243.521724551,-302950.638404704,583.304697218734,80168.4457684022,-0.677320207149807,-1.36574666784391,0.00262962458425312,0.361411311925199,0.05,0.0350877192982456,41300
"Average120",347.469387755102,2142.61834145095,1617.66399845881,2691.8504455393,288.139774497249,-1795.14895369584,-2344.3810577842,-1270.19461070371,288.139774497249,-0.837829546665879,-1.09416642825741,-0.592823549640461,0.134480214662087,0.05,0.0192307692307692,41310
"Cumulative120",17026,104988.298731096,79265.5359244817,131900.671831426,14118.8489503652,-87962.2987310964,-114874.671831426,-62239.5359244817,14118.8489503652,-0.837829546665879,-1.09416642825741,-0.592823549640461,0.134480214662087,0.05,0.0192307692307692,41310
"Average121",3394.85714285714,9466.8115665503,7236.54959684342,11778.0289044674,1218.84956443103,-6071.95442369316,-8383.17176161026,-3841.69245398627,1218.84956443103,-0.641393818922898,-0.885532758593301,-0.405806371763052,0.128749743867055,0.05,0.0108695652173913,41320
"Cumulative121",166348,463873.766760965,354590.930245327,577123.416318903,59723.6286571204,-297525.766760965,-410775.416318903,-188242.930245327,59723.6286571204,-0.641393818922898,-0.885532758593301,-0.405806371763052,0.128749743867055,0.05,0.0108695652173913,41320
"Average122",371.591836734694,1828.12591090417,1103.50442272541,2528.46455940341,368.678303998896,-1456.53407416947,-2156.87272266872,-731.912585990714,368.678303998896,-0.796736190588257,-1.17982722623408,-0.400362240710608,0.201670082897382,0.05,0.00260416666666667,41330
"Cumulative122",18208,89578.1696343042,54071.716713545,123894.763410767,18065.2368959459,-71370.1696343042,-105686.763410767,-35863.716713545,18065.2368959459,-0.796736190588257,-1.17982722623408,-0.400362240710608,0.201670082897382,0.05,0.00260416666666667,41330
"Average123",272.734693877551,2133.72533147904,373.862071709627,3785.22338486954,847.971305316791,-1860.99063760148,-3512.48869099199,-101.127377832077,847.971305316791,-0.872179099224313,-1.64617659038487,-0.0473947496147398,0.397413524977464,0.05,0.0208333333333333,41340
"Cumulative123",13364,104552.541242473,18319.2415137717,185475.945858608,41550.5939605228,-91188.5412424728,-172111.945858608,-4955.24151377175,41550.5939605228,-0.872179099224313,-1.64617659038487,-0.0473947496147398,0.397413524977464,0.05,0.0208333333333333,41340
"Average124",149.877551020408,1102.56938639855,750.394672272043,1441.61115498302,172.727771285538,-952.691835378142,-1291.73360396261,-600.517121251635,172.727771285538,-0.864065198191317,-1.17156672396097,-0.544652453314683,0.156659320870261,0.05,0.000864304235090752,41350
"Cumulative124",7344,54025.8999335289,36769.3389413301,70638.9465941679,8463.66079299135,-46681.8999335289,-63294.9465941679,-29425.3389413301,8463.66079299135,-0.864065198191317,-1.17156672396097,-0.544652453314683,0.156659320870261,0.05,0.000864304235090752,41350
"Average125",260.469387755102,823.750448591663,594.621112879915,1040.57974066265,110.838488439298,-563.281060836561,-780.110352907547,-334.151725124814,110.838488439298,-0.683800611944531,-0.9470226744535,-0.405646789869555,0.134553478700733,0.05,0.000822368421052632,41360
"Cumulative125",12763,40363.7719809915,29136.4345311159,50988.4072924698,5431.0859335256,-27600.7719809915,-38225.4072924698,-16373.4345311159,5431.0859335256,-0.683800611944531,-0.9470226744535,-0.405646789869555,0.134553478700733,0.05,0.000822368421052632,41360
"Average126",1085.57142857143,3359.30973832142,2335.66664607486,4314.94772988855,499.576977891055,-2273.73830974999,-3229.37630131712,-1250.09521750343,499.576977891055,-0.676846878337016,-0.96132138828341,-0.372128596313383,0.148714175472454,0.05,0.00111358574610245,41380
"Cumulative126",53193,164606.177177749,114447.665657668,211432.438764539,24479.2719166617,-111413.177177749,-158239.438764539,-61254.6656576679,24479.2719166617,-0.676846878337016,-0.96132138828341,-0.372128596313383,0.148714175472454,0.05,0.00111358574610245,41380
"Average127",3603.08163265306,8787.84673586131,2052.00301111669,15116.2849980221,3387.04275935065,-5184.76510320825,-11513.203365369,1551.07862153637,3387.04275935065,-0.589992663623768,-1.31012792000412,0.176502693794915,0.385423512853139,0.05,0.0683760683760684,41400
"Cumulative127",176551,430604.490057204,100548.147544718,740697.964903081,165965.095208182,-254053.490057204,-564146.964903081,76002.852455282,165965.095208182,-0.589992663623768,-1.31012792000412,0.176502693794915,0.385423512853139,0.05,0.0683760683760684,41400
"Average128",355.714285714286,2636.78125151374,1145.28736325577,4011.16859081738,695.420315022122,-2281.06696579945,-3655.45430510309,-789.573077541487,695.420315022122,-0.865095261311466,-1.3863320300099,-0.299445802372952,0.263738341822209,0.05,0.00175901495162709,41410
"Cumulative128",17430,129202.281324173,56119.0807995329,196547.260950052,34075.595436084,-111772.281324173,-179117.260950052,-38689.0807995329,34075.595436084,-0.865095261311466,-1.3863320300099,-0.299445802372952,0.263738341822209,0.05,0.00175901495162709,41410
"Average129",705.34693877551,5886.09555097477,-11343.8837889462,23375.9260077566,8780.57078781495,-5180.74861219926,-22670.5790689811,12049.2307277216,8780.57078781495,-0.880167263227879,-3.8515479187603,2.04706679043397,1.49174791876439,0.05,0.293532338308458,41420
"Cumulative129",34562,288418.681997764,-555850.305658361,1145420.37438008,430247.968602932,-253856.681997764,-1110858.37438008,590412.30565836,430247.968602932,-0.880167263227879,-3.8515479187603,2.04706679043398,1.49174791876439,0.05,0.293532338308458,41420
"Average130",1467.16326530612,2975.50934633459,2372.35918482196,3540.6857023163,295.132048432739,-1508.34608102847,-2073.52243701018,-905.195919515833,295.132048432739,-0.506920296817934,-0.696863022650044,-0.304215451593492,0.0991870681892834,0.05,0.000884173297966401,41430
"Cumulative130",71891,145799.957970395,116245.600056276,173493.599413499,14461.4703732042,-73908.957970395,-101602.599413499,-44354.6000562758,14461.4703732042,-0.506920296817934,-0.696863022650044,-0.304215451593492,0.0991870681892834,0.05,0.000884173297966401,41430
"Average131",218.387755102041,1873.48617356446,740.237196913974,2885.42173217595,531.795448493101,-1655.09841846242,-2667.03397707391,-521.849441811933,531.795448493101,-0.883432416964925,-1.42356747261158,-0.278544591988673,0.283853415091565,0.05,0.00111358574610245,41440
"Cumulative131",10701,91800.8225046585,36271.6226487847,141385.664876621,26057.976976162,-81099.8225046585,-130684.664876621,-25570.6226487847,26057.976976162,-0.883432416964925,-1.42356747261158,-0.278544591988673,0.283853415091565,0.05,0.00111358574610245,41440
"Average132",3878.5306122449,10449.8673001651,8188.38468882206,12661.6784496222,1139.50340289767,-6571.33668792018,-8783.14783737732,-4309.85407657717,1139.50340289767,-0.628844032097553,-0.840503289189,-0.412431464704732,0.109044772547462,0.05,0.000868809730668983,41450
"Cumulative132",190048,512043.497708089,401230.849752281,620422.244031489,55835.6667419857,-321995.497708089,-430374.244031489,-211182.849752281,55835.6667419857,-0.628844032097553,-0.840503289189,-0.412431464704732,0.109044772547462,0.05,0.000868809730668983,41450
"Average133",275.020408163265,2146.46280971844,625.717963791338,3553.2580657858,731.826887631989,-1871.44240155517,-3278.23765762254,-350.697555628073,731.826887631989,-0.871872735498575,-1.52727438033392,-0.163383942195614,0.340945524105301,0.05,0.00677200902934537,41460
"Cumulative133",13476,105176.677676203,30660.1802257756,174109.645223504,35859.5174939675,-91700.6776762034,-160633.645223504,-17184.1802257756,35859.5174939675,-0.871872735498575,-1.52727438033392,-0.163383942195614,0.340945524105301,0.05,0.00677200902934537,41460
"Average134",879.489795918367,3117.81511713374,2203.94136029229,4064.95575135844,483.908288191994,-2238.32532121537,-3185.46595544008,-1324.45156437392,483.908288191994,-0.717914705370055,-1.02169815584464,-0.424801187567373,0.155207499486647,0.05,0.00373134328358209,41480
"Cumulative134",43095,152772.940739553,107993.126654322,199182.831816564,23711.5061214077,-109677.940739553,-156087.831816564,-64898.1266543221,23711.5061214077,-0.717914705370055,-1.02169815584464,-0.424801187567373,0.155207499486647,0.05,0.00373134328358209,41480
"Average135",762.448979591837,3099.32558953582,188.143297615655,5990.36269230102,1548.66702336822,-2336.87660994398,-5227.91371270918,574.305681976182,1548.66702336822,-0.753995197482293,-1.68679074259254,0.185300209798931,0.499678713523015,0.05,0.0738636363636364,41490
"Cumulative135",37360,151866.953887255,9219.0215831671,293527.77192275,75884.6841450427,-114506.953887255,-256167.77192275,28140.9784168329,75884.6841450427,-0.753995197482292,-1.68679074259254,0.185300209798931,0.499678713523015,0.05,0.0738636363636364,41490
"Average136",356.591836734694,2027.95053170132,1422.00849977012,2651.56407314754,317.322660181591,-1671.35869496662,-2294.97223641284,-1065.41666303542,317.322660181591,-0.824161471810884,-1.13167071905226,-0.525366199214736,0.15647455656395,0.05,0.0136986301369863,41500
"Cumulative136",17473,99369.5760533644,69678.4164887357,129926.639584229,15548.8103488979,-81896.5760533644,-112453.639584229,-52205.4164887358,15548.8103488979,-0.824161471810884,-1.13167071905226,-0.525366199214737,0.15647455656395,0.05,0.0136986301369863,41500
"Average137",375.673469387755,2627.22352679129,1184.42275416421,3958.47478745364,692.663683355819,-2251.55005740354,-3582.80131806589,-808.749284776457,692.663683355819,-0.857007420359631,-1.36372154159325,-0.307834212250759,0.26364855380303,0.05,0.00112866817155756,41510
"Cumulative137",18408,128733.952812773,58036.7149540464,193965.264585228,33940.5204844351,-110325.952812773,-175557.264585228,-39628.7149540464,33940.5204844351,-0.857007420359631,-1.36372154159325,-0.307834212250759,0.26364855380303,0.05,0.00112866817155756,41510
"Average138",3105.55102040816,15069.6515767685,9327.78082512235,20734.0817718888,2935.2062763052,-11964.1005563604,-17628.5307514806,-6222.22980471418,2935.2062763052,-0.793920184246615,-1.1698034730051,-0.41289805361568,0.19477598810779,0.05,0.00142450142450142,41660
"Cumulative138",152172,738412.927261658,457061.260430995,1015970.00682255,143825.107538955,-586240.927261658,-863798.00682255,-304889.260430995,143825.107538955,-0.793920184246615,-1.1698034730051,-0.41289805361568,0.19477598810779,0.05,0.00142450142450142,41660
"Average139",352.755102040816,816.538030124635,654.338348950076,969.229882815438,79.1636010374055,-463.782928083819,-616.474780774622,-301.58324690926,79.1636010374055,-0.5679869289285,-0.754985999464745,-0.36934378532648,0.0969502927197673,0.05,0.000807754442649435,41670
"Cumulative139",17285,40010.3634761071,32062.5790985537,47492.2642579565,3879.01645083287,-22725.3634761071,-30207.2642579565,-14777.5790985537,3879.01645083287,-0.567986928928501,-0.754985999464745,-0.36934378532648,0.0969502927197672,0.05,0.000807754442649435,41670
"Average140",154.816326530612,704.429683583711,463.665185888085,925.757462701954,116.199234627108,-549.613357053099,-770.941136171341,-308.848859357473,116.199234627108,-0.780224584314788,-1.09441886697514,-0.438438167151386,0.164955051348712,0.05,0.000912408759124088,41680
"Cumulative140",7586,34517.0544956018,22719.5941085162,45362.1156723957,5693.7624967283,-26931.0544956018,-37776.1156723957,-15133.5941085162,5693.7624967283,-0.780224584314788,-1.09441886697514,-0.438438167151386,0.164955051348712,0.05,0.000912408759124088,41680
"Average141",279.632653061225,1320.4468326454,-139.194392616457,2699.17816031651,727.160986347863,-1040.81417958417,-2419.54550725528,418.827045677681,727.160986347863,-0.788228767605125,-1.83236874627352,0.317185845975031,0.550693120215269,0.05,0.0798479087452472,41690
"Cumulative141",13702,64701.8947996245,-6820.52523820638,132259.729855509,35630.8883310453,-50999.8947996245,-118557.729855509,20522.5252382064,35630.8883310453,-0.788228767605126,-1.83236874627352,0.317185845975031,0.550693120215269,0.05,0.0798479087452472,41690
"Average142",1172.0612244898,6878.4134894452,3420.2002668404,10619.5302498059,1860.82119003055,-5706.3522649554,-9447.46902531609,-2248.13904235061,1860.82119003055,-0.82960297075942,-1.37349536194837,-0.326839764111352,0.270530579891125,0.05,0.00139275766016713,41700
"Cumulative142",57431,337042.260982815,167589.81307518,520356.982240488,91180.2383114968,-279611.260982815,-462925.982240488,-110158.81307518,91180.2383114968,-0.82960297075942,-1.37349536194837,-0.326839764111352,0.270530579891125,0.05,0.00139275766016713,41700
